City_ID,City,Lat,Lng,Max Temp,Humidity,Cloudiness,Wind Speed,Country,Date
0,ust-nera,64.5667,143.2,-13.16,94,100,1.37,RU,1697320504
1,jining,35.405,116.5814,14.22,49,0,2.51,CN,1697320504
2,verkhnevilyuysk,63.4453,120.3167,-11.14,92,5,2.24,RU,1697320504
3,kodiak,57.79,-152.4072,6.73,70,0,2.06,US,1697320504
4,ola,59.5833,151.2833,-1.44,68,94,1.92,RU,1697320505
5,kaindy,42.8247,73.6759,5.26,65,42,1.18,KG,1697320505
6,isafjordur,66.0755,-23.124,0.58,95,100,2.73,IS,1697320505
7,enewetak,11.3474,162.3373,28.42,73,72,2.38,MH,1697320505
8,ushuaia,-54.8,-68.3,7.81,57,0,8.75,AR,1697320505
9,saint-philippe,-21.3585,55.7679,21.77,82,46,5.03,RE,1697320505
10,inhambane,-23.865,35.3833,21.96,72,66,5.76,MZ,1697320506
11,itoman,26.1247,127.6694,25.43,72,40,7.2,JP,1697320506
12,invercargill,-46.4,168.35,9.45,85,97,4.92,NZ,1697320506
13,petropavlovsk-kamchatsky,53.0452,158.6483,5.33,73,75,6.71,RU,1697320506
14,waitangi,-43.9535,-176.5597,15.46,82,1,3.58,NZ,1697320506
15,torre del mar,36.7414,-4.0946,24.52,59,15,2.16,ES,1697320507
16,griffith,41.5284,-87.4237,12.28,83,100,8.75,US,1697320323
17,dueville,45.6337,11.5502,20.27,83,31,1.11,IT,1697320507
18,margaret river,-33.95,115.0667,11.66,76,2,5.1,AU,1697320507
19,lihue,21.9789,-159.3672,29.09,65,20,3.6,US,1697320507
20,saipan,15.1355,145.701,26.39,89,20,2.06,MP,1697320507
21,college,64.8569,-147.8028,4.89,81,100,2.06,US,1697320508
22,weno,7.4515,151.8468,24.97,94,100,3.6,FM,1697320508
23,yellowknife,62.456,-114.3525,11.34,75,20,8.23,CA,1697320249
24,bilibino,68.0546,166.4372,-10.58,97,98,1.14,RU,1697320508
25,olonkinbyen,70.9221,-8.7187,-2.1,88,100,9.31,SJ,1697320508
26,trinidad,-14.8333,-64.9,32.99,43,40,1.54,BO,1697320509
27,konstantinovsk,47.5828,41.0922,13.81,72,0,2.34,RU,1697320509
28,la sarre,48.8002,-79.1996,7.24,89,100,4.95,CA,1697320509
29,port-aux-francais,-49.35,70.2167,0.23,84,81,12.56,TF,1697320509
30,fale old settlement,-9.3852,-171.2468,28.55,76,46,9.61,TK,1697320509
31,badger,64.8,-147.5333,4.84,82,0,2.06,US,1697320509
32,sunchales,-30.944,-61.5615,25.03,23,1,3.69,AR,1697320510
33,tiksi,71.6872,128.8694,-11.09,94,100,4.07,RU,1697320510
34,iqaluit,63.7506,-68.5145,-0.15,86,75,5.14,CA,1697320510
35,papatowai,-46.5619,169.4708,7.72,92,100,7.22,NZ,1697320510
36,bethel,41.3712,-73.414,10.2,87,100,0.0,US,1697320510
37,susuman,62.7833,148.1667,-12.79,95,100,0.45,RU,1697320511
38,qaqortoq,60.7167,-46.0333,4.19,63,21,1.69,GL,1697320511
39,longyearbyen,78.2186,15.6401,-0.09,69,75,7.72,SJ,1697320511
40,santa rosa,14.3122,121.1114,27.75,86,97,3.1,PH,1697320511
41,punta arenas,-53.15,-70.9167,10.06,53,75,8.23,CL,1697320511
42,beau vallon,-20.4189,57.6953,20.68,82,20,2.06,MU,1697320511
43,tual,-5.6667,132.75,26.86,82,83,7.5,ID,1697320512
44,tura,25.5198,90.2201,19.88,79,0,1.41,IN,1697320512
45,greenville,35.6127,-77.3663,21.09,97,100,2.06,US,1697320435
46,kem',64.9555,34.5793,7.43,89,98,7.73,RU,1697320512
47,west end,26.6833,-78.9667,28.99,83,35,2.5,BS,1697320512
48,bredasdorp,-34.5322,20.0403,15.02,80,79,8.17,ZA,1697320513
49,blackmans bay,-43.0167,147.3167,9.29,69,98,2.78,AU,1697320513
50,grytviken,-54.2811,-36.5092,-3.18,86,40,3.81,GS,1697320513
51,limassol,34.675,33.0333,23.04,68,0,4.12,CY,1697320513
52,kenora,49.8167,-94.4337,8.54,71,75,2.57,CA,1697320513
53,roma,43.2128,-75.4557,12.2,74,40,2.06,US,1697320374
54,namibe,-15.1961,12.1522,17.86,82,100,1.91,AO,1697320514
55,jiwani,25.05,61.7417,27.0,82,4,3.93,PK,1697320514
56,oyama,36.3,139.8,18.1,93,100,2.15,JP,1697320514
57,klyuchi,52.2667,79.1667,7.83,54,100,3.92,RU,1697320514
58,novokhopersk,51.0969,41.6252,9.51,84,30,4.39,RU,1697320515
59,queenstown,-31.8976,26.8753,7.95,87,42,1.89,ZA,1697320515
60,nichinan,31.6,131.3667,16.82,76,1,4.63,JP,1697320515
61,kailua-kona,19.6406,-155.9956,30.15,69,20,3.6,US,1697320420
62,adamstown,-25.066,-130.1015,21.33,69,97,0.56,PN,1697320516
63,tazacorte,28.629,-17.9293,29.53,21,0,4.47,ES,1697320516
64,sirte,31.2089,16.5887,23.12,70,0,1.5,LY,1697320516
65,baoding,38.8511,115.4903,13.06,43,0,2.95,CN,1697320516
66,edinburgh of the seven seas,-37.0676,-12.3116,14.59,97,100,8.08,SH,1697320516
67,holualoa,19.6228,-155.9522,28.21,68,20,3.6,US,1697320516
68,al kharijah,25.4514,30.5464,23.83,34,0,2.89,EG,1697320517
69,tarfaya,27.9358,-12.9218,23.08,74,16,5.46,MA,1697320517
70,stanley,54.868,-1.6985,3.62,80,3,5.19,GB,1697320518
71,manicore,-5.8092,-61.3003,30.97,70,20,0.51,BR,1697320518
72,tezu,27.9167,96.1667,19.82,70,1,1.56,IN,1697320518
73,hamilton,39.1834,-84.5333,14.32,87,100,6.17,US,1697320259
74,ribeira grande,38.5167,-28.7,21.54,88,99,4.92,PT,1697320519
75,hermanus,-34.4187,19.2345,15.81,78,96,10.0,ZA,1697320519
76,albany,42.6001,-73.9662,11.76,75,100,0.27,US,1697320290
77,leava,-14.3,-178.1667,26.63,82,24,9.39,WF,1697320520
78,lagos,6.5833,3.75,27.18,94,80,1.59,NG,1697320520
79,west island,-12.1568,96.8225,24.99,83,40,5.14,CC,1697320521
80,avarua,-21.2078,-159.775,26.03,65,40,4.63,CK,1697320468
81,la passe,45.5549,-0.8967,13.88,62,10,4.04,FR,1697320521
82,dalbandin,28.8947,64.4101,22.99,25,9,1.65,PK,1697320521
83,sandnessjoen,66.0217,12.6316,5.29,67,100,14.77,NO,1697320521
84,itupiranga,-5.1347,-49.3267,27.18,47,59,1.11,BR,1697320521
85,georgetown,5.4112,100.3354,26.68,95,40,1.54,MY,1697320327
86,utrik,11.2278,169.8474,28.16,77,76,5.27,MH,1697320522
87,carutapera,-1.195,-46.02,27.13,76,62,4.72,BR,1697320522
88,happy valley-goose bay,53.3168,-60.3315,9.17,87,100,12.35,CA,1697320522
89,bandar abbas,27.1865,56.2808,28.99,94,20,3.09,IR,1697320522
90,aasiaat,68.7098,-52.8699,-4.58,67,100,3.73,GL,1697320523
91,port mathurin,-19.6833,63.4167,22.69,66,0,4.78,MU,1697320523
92,praia da vitoria,38.7333,-27.0667,20.42,88,40,2.67,PT,1697320523
93,san antonio de pale,-1.4014,5.6325,25.75,84,100,7.33,GQ,1697320523
94,waat,51.1454,6.4958,9.95,91,23,2.06,DE,1697320523
95,east london,-33.0153,27.9116,16.13,79,96,2.29,ZA,1697320524
96,naze,28.3667,129.4833,20.51,69,85,7.31,JP,1697320524
97,al mindak,20.1588,41.2834,20.78,44,0,1.93,SA,1697320524
98,tolanaro,-25.0319,46.9987,24.04,83,75,1.03,MG,1697320524
99,dzhalagash,45.0833,64.6667,7.9,31,91,1.79,KZ,1697320525
100,floro,61.5996,5.0328,6.98,76,100,11.32,NO,1697320525
101,bargi,22.9833,79.8667,21.95,60,9,1.55,IN,1697320525
102,pacocha,-17.5833,-71.3333,20.08,73,0,4.63,PE,1697320525
103,lobujya,27.95,86.8167,-7.32,28,0,0.93,NP,1697320525
104,paramonga,-10.6667,-77.8333,19.43,84,100,4.74,PE,1697320526
105,charles city,43.0664,-92.6724,12.22,71,75,6.17,US,1697320526
106,harrismith,-28.2728,29.1295,9.54,86,31,3.85,ZA,1697320526
107,lubao,14.9167,120.55,26.04,91,46,0.94,PH,1697320526
108,astara,38.5,48.6667,8.99,82,6,1.14,AZ,1697320526
109,sechura,-5.5569,-80.8222,25.2,59,45,7.16,PE,1697320526
110,armacao de buzios,-22.7469,-41.8817,22.09,88,100,4.95,BR,1697320360
111,nemuro,43.3236,145.575,14.52,67,99,0.68,JP,1697320527
112,talnakh,69.4865,88.3972,1.23,90,100,2.57,RU,1697320527
113,port elizabeth,-33.918,25.5701,14.62,94,65,0.45,ZA,1697320527
114,kotma,23.2,81.9667,20.15,65,14,1.19,IN,1697320527
115,lerwick,60.1545,-1.1494,5.0,70,100,13.15,GB,1697320527
116,puerto natales,-51.7236,-72.4875,7.99,71,90,5.29,CL,1697320528
117,mineiros,-17.5694,-52.5511,27.75,50,76,2.15,BR,1697320528
118,camarinas,43.1311,-9.1817,17.32,84,100,5.47,ES,1697320528
119,kourou,5.1552,-52.6478,29.03,81,3,5.63,GF,1697320528
120,kununurra,-15.7667,128.7333,18.99,77,6,0.0,AU,1697320528
121,sabang,5.8933,95.3214,26.97,81,100,4.39,ID,1697320529
122,ancud,-41.8697,-73.8203,9.34,72,92,0.94,CL,1697320529
123,blackwater,-23.5833,148.8833,22.61,100,1,3.93,AU,1697320529
124,dudinka,69.4058,86.1778,1.49,93,100,6.71,RU,1697320529
125,jamestown,42.097,-79.2353,7.8,94,100,5.14,US,1697320307
126,taber,49.8167,-112.1518,16.11,55,92,7.2,CA,1697320530
127,zyryanovsk,49.7386,84.2719,5.36,94,100,0.93,KZ,1697320530
128,selfoss,63.9331,-20.9971,0.02,91,100,1.57,IS,1697320530
129,najran,17.4924,44.1277,23.36,26,3,1.46,SA,1697320530
130,lompoc,34.6391,-120.4579,30.08,57,0,4.12,US,1697320531
131,al bardiyah,31.7561,25.0865,21.54,72,0,4.74,LY,1697320531
132,ghadamis,30.1337,9.5007,23.46,22,0,3.49,LY,1697320531
133,port sudan,19.6175,37.2164,28.18,68,0,5.76,SD,1697320531
134,yarmouth,41.7057,-70.2286,14.98,74,100,3.6,US,1697320328
135,al jawf,29.5,38.75,22.62,21,0,3.78,SA,1697320531
136,tisul',55.7611,88.3122,6.08,68,100,5.38,RU,1697320409
137,vershino-darasunskiy,52.35,115.5167,-3.66,63,2,1.72,RU,1697320532
138,bakchar,57.0186,82.0711,4.51,96,100,3.3,RU,1697320532
139,banff,51.1762,-115.5698,15.57,35,57,2.57,CA,1697320532
140,udachny,66.4167,112.4,-10.86,85,9,1.25,RU,1697320532
141,carnarvon,-24.8667,113.6333,24.56,34,0,5.78,AU,1697320533
142,pitimbu,-7.4706,-34.8086,26.33,64,100,5.47,BR,1697320533
143,muroto-misakicho,33.2833,134.15,20.13,73,18,4.96,JP,1697320533
144,anadyr,64.75,177.4833,1.28,86,100,4.0,RU,1697320533
145,caconda,-13.7333,15.0667,17.13,77,95,1.08,AO,1697320533
146,al khums,32.6486,14.2619,22.85,66,0,0.1,LY,1697320534
147,bayanhongor,46.7167,100.1167,1.24,50,58,0.94,MN,1697320534
148,atafu village,-8.5421,-172.5159,28.59,76,67,9.95,TK,1697320534
149,murudeshwara,14.0943,74.4845,25.87,87,39,0.37,IN,1697320534
150,afaahiti,-17.75,-149.2833,28.93,77,36,4.44,PF,1697320534
151,hawaiian paradise park,19.5933,-154.9731,28.73,78,0,4.63,US,1697320535
152,argo,37.6333,22.7333,17.66,64,1,1.03,GR,1697320535
153,sunnyside,46.3237,-120.0087,20.24,57,0,0.0,US,1697320535
154,vorgashor,67.5833,63.95,-1.3,86,100,3.87,RU,1697320256
155,guasdualito,7.2424,-70.7324,32.98,62,40,1.54,VE,1697320535
156,concepcion,-36.827,-73.0498,16.89,59,20,7.2,CL,1697320536
157,luanda,-8.8368,13.2343,24.0,88,20,1.54,AO,1697320422
158,nadi,-17.8,177.4167,28.0,69,75,2.06,FJ,1697320536
159,ternate,0.8,127.4,26.98,84,100,1.93,ID,1697320536
160,tidjikja,18.5564,-11.4271,30.98,15,1,4.78,MR,1697320536
161,tralee,52.2704,-9.7026,9.01,70,97,3.38,IE,1697320537
162,crane,31.3974,-102.3501,23.13,25,4,3.91,US,1697320537
163,sumbe,-11.2061,13.8437,23.61,88,99,2.29,AO,1697320537
164,vilyuchinsk,52.9306,158.4028,6.15,92,100,2.93,RU,1697320537
165,jieyang,23.5289,116.3642,21.96,84,90,1.29,CN,1697320537
166,santa ana,33.7456,-117.8678,33.26,48,0,3.6,US,1697320527
167,iskateley,67.6803,53.1512,-2.21,93,54,1.79,RU,1697320538
168,nampula,-15.1165,39.2666,24.97,78,0,6.26,MZ,1697320538
169,kingston,17.997,-76.7936,31.53,81,40,1.54,JM,1697320317
170,sungai raya,0.7,108.9,26.05,88,99,2.62,ID,1697320538
171,djibo,14.1022,-1.6306,33.27,16,46,3.54,BF,1697320538
172,whitehorse,60.7161,-135.0538,10.57,58,75,9.26,CA,1697320538
173,amahai,-3.3333,128.9167,26.17,86,83,1.75,ID,1697320539
174,hobyo,5.3505,48.5268,27.44,78,14,4.33,SO,1697320539
175,lazaro cardenas,17.9583,-102.2,29.15,77,55,3.92,MX,1697320539
176,monrovia,6.3005,-10.7969,25.87,89,100,2.45,LR,1697320463
177,nova sintra,14.8667,-24.7167,25.49,79,98,3.79,CV,1697320540
178,ilulissat,69.2167,-51.1,-2.99,93,100,1.54,GL,1697320540
179,sonoita,31.85,-112.8333,32.34,13,0,2.1,MX,1697320540
180,chibougamau,49.9168,-74.3659,8.79,81,75,6.17,CA,1697320540
181,nefta,33.8731,7.8777,26.14,25,0,2.99,TN,1697320541
182,lebu,-37.6167,-73.65,10.83,77,65,8.32,CL,1697320541
183,santa cruz de tenerife,28.4682,-16.2546,30.78,23,0,2.06,ES,1697320502
184,port lincoln,-34.7333,135.8667,14.3,68,100,5.77,AU,1697320541
185,prince rupert,54.3161,-130.3201,12.05,94,100,7.2,CA,1697320541
186,knyaze-volkonskoye,48.4642,135.4567,11.11,64,4,3.58,RU,1697320541
187,uribia,11.7139,-72.266,31.32,65,60,3.38,CO,1697320542
188,axim,4.8699,-2.2405,25.45,92,84,3.06,GH,1697320542
189,steubenville,40.3698,-80.634,14.25,91,95,1.34,US,1697320542
190,necochea,-38.5473,-58.7368,15.67,59,68,4.49,AR,1697320542
191,palmas,-10.2128,-48.3603,31.93,58,75,1.54,BR,1697320528
192,kempsey,-31.0833,152.8333,21.64,59,0,1.79,AU,1697320542
193,puerto lempira,15.2667,-83.7667,31.08,66,40,2.57,HN,1697320376
194,fougamou,-1.2154,10.5838,23.14,99,100,1.44,GA,1697320543
195,shambu,9.5667,37.1,11.53,77,2,1.28,ET,1697320543
196,broken hill,-31.95,141.4333,14.55,59,0,3.79,AU,1697320377
197,fort bragg,35.139,-79.006,19.95,90,100,4.63,US,1697320543
198,kosice,48.6667,21.3333,16.19,89,0,1.54,SK,1697320543
199,nadym,65.5333,72.5167,-0.38,94,100,5.56,RU,1697320544
200,port alfred,-33.5906,26.891,16.41,78,76,1.06,ZA,1697320544
201,haiku-pauwela,20.9219,-156.3051,28.36,68,20,5.14,US,1697320544
202,polyarnyye zori,67.3661,32.4981,0.55,98,100,6.29,RU,1697320544
203,limon,10.0,-83.0333,30.94,70,0,2.06,CR,1697320545
204,luanco,43.6152,-5.7934,16.68,85,100,4.06,ES,1697320448
205,dubinino,55.6192,89.0911,4.08,65,100,4.45,RU,1697320545
206,soacha,4.5794,-74.2168,16.94,59,40,4.63,CO,1697320545
207,onega,63.9061,38.1404,10.97,85,99,7.27,RU,1697320545
208,midvagur,62.0511,-7.1939,2.46,55,75,6.17,FO,1697320545
209,kill devil hills,36.0307,-75.676,21.1,98,100,4.12,US,1697320546
210,dhidhdhoo,6.8833,73.1,25.38,83,100,5.29,MV,1697320546
211,ulanhot,46.0833,122.0833,5.65,32,24,4.54,CN,1697320546
212,usogorsk,63.4106,48.6872,2.59,96,90,4.93,RU,1697320546
213,pisco,-13.7,-76.2167,22.03,68,0,8.23,PE,1697320546
214,argostolion,38.1811,20.489,19.3,46,1,2.59,GR,1697320547
215,pathein,16.7833,94.7333,24.19,92,19,2.06,MM,1697320547
216,huarmey,-10.0681,-78.1522,20.81,79,78,4.46,PE,1697320547
217,magadan,59.5667,150.8,-1.77,73,98,2.68,RU,1697320547
218,vernon,50.2581,-119.2691,15.89,67,66,1.54,CA,1697320511
219,yemva,62.59,50.8594,2.81,96,94,4.02,RU,1697320548
220,kavaratti,10.5669,72.642,26.79,82,93,7.7,IN,1697320548
221,qarauyl,48.9451,79.255,6.54,70,100,6.61,KZ,1697320548
222,balamban,10.4667,123.7833,23.25,85,99,0.81,PH,1697320548
223,nuuk,64.1835,-51.7216,3.34,93,100,11.32,GL,1697320548
224,taltal,-25.4,-70.4833,18.16,69,24,2.67,CL,1697320548
225,colonia,50.9333,6.95,9.98,83,40,2.57,DE,1697320264
226,touros,-5.1989,-35.4608,25.54,78,81,7.07,BR,1697320443
227,sattenapalle,16.4,80.1833,23.48,86,13,1.07,IN,1697320357
228,noumea,-22.2763,166.4572,26.11,99,24,1.53,NC,1697320302
229,kodinsk,58.6881,99.1844,1.36,93,100,2.08,RU,1697320549
230,pandan,14.0453,124.1694,26.61,85,67,3.52,PH,1697320549
231,bodo,67.28,14.405,5.02,63,0,6.17,NO,1697320550
232,mezzouna,34.5776,9.8419,20.89,62,6,1.26,TN,1697320550
233,kragero,58.8693,9.4149,9.69,52,81,11.26,NO,1697320550
234,dwarka,22.2394,68.9678,26.84,70,0,4.64,IN,1697320550
235,san pedro de ycuamandiyu,-24.0917,-57.0764,30.64,39,71,1.68,PY,1697320551
236,nikol'sk,53.7189,46.0712,9.92,59,84,6.4,RU,1697320551
237,geraldton,-28.7667,114.6,23.23,15,11,4.63,AU,1697320551
238,fuglafjordur,62.244,-6.814,2.26,65,100,10.73,FO,1697320551
239,montbard,47.5833,4.5,10.36,62,94,1.71,FR,1697320551
240,al khawr,25.7667,51.3167,28.39,58,0,2.29,QA,1697320551
241,businga,3.3333,20.8833,22.2,98,100,2.33,CD,1697320552
242,santiago del torno,-17.9833,-63.3833,30.42,38,8,4.0,BO,1697320552
243,kuznetsk,53.1167,46.6004,9.15,64,99,5.12,RU,1697320552
244,kaiapoi,-43.3783,172.6401,18.19,57,20,5.14,NZ,1697320552
245,kasama,-10.2129,31.1808,24.29,36,82,0.65,ZM,1697320552
246,bereznik,62.8551,42.7072,7.02,94,100,5.45,RU,1697320553
247,xai-xai,-25.0519,33.6442,20.52,70,13,5.76,MZ,1697320553
248,port moresby,-9.4431,147.1797,26.68,83,75,5.14,PG,1697320302
249,hastings,50.8552,0.5729,9.32,32,4,5.47,GB,1697320553
250,kisangani,0.5167,25.2,22.18,100,100,1.84,CD,1697320553
251,bonthe,7.5264,-12.505,24.63,92,96,2.17,SL,1697320554
252,aroma,15.8167,36.1333,29.98,52,21,5.19,SD,1697320554
253,punto fijo,11.6956,-70.1996,30.54,70,30,8.08,VE,1697320554
254,tibati,6.4667,12.6333,20.92,89,100,0.87,CM,1697320554
255,tazovsky,67.4667,78.7,1.86,98,100,4.12,RU,1697320554
256,labrador city,52.9463,-66.9114,5.95,93,100,7.2,CA,1697320554
257,trairi,-3.2778,-39.2689,25.99,78,62,4.77,BR,1697320555
258,cromwell,41.5951,-72.6454,11.98,91,100,1.54,US,1697320555
259,island harbour,50.724,-1.2758,9.4,84,2,0.89,GB,1697320555
260,hoopeston,40.4673,-87.6684,12.01,75,100,6.73,US,1697320555
261,vizinga,61.0749,50.1031,4.62,91,100,4.37,RU,1697320555
262,gadzhiyevo,69.2551,33.3362,2.56,80,100,12.04,RU,1697320555
263,ciudad lazaro cardenas,17.9583,-102.2,29.15,77,55,3.92,MX,1697320556
264,bitam,2.076,11.5007,20.12,99,49,1.05,GA,1697320556
265,sarh,9.1429,18.3923,28.95,84,0,0.0,TD,1697320556
266,pangkalanbuun,-2.6833,111.6167,24.42,94,100,0.61,ID,1697320556
267,dalandzadgad,43.5708,104.425,8.33,41,69,2.63,MN,1697320556
268,nizhniy kuranakh,58.8353,125.4869,-10.72,95,14,1.59,RU,1697320557
269,puerto armuelles,8.2833,-82.8667,28.99,74,100,2.24,PA,1697320557
270,rio preto da eva,-2.6994,-59.6997,33.79,36,97,1.43,BR,1697320557
271,puerto ayora,-0.7393,-90.3518,30.98,91,77,2.68,EC,1697320557
272,westport,41.1415,-73.3579,11.02,89,100,3.09,US,1697320288
273,bikenibeu village,1.3673,173.1241,28.76,69,61,2.53,KI,1697320557
274,nago,26.5881,127.9761,25.47,77,15,5.26,JP,1697320558
275,westerland,54.9079,8.3033,10.01,66,75,11.83,DE,1697320558
276,devarkonda,16.7,78.9333,23.89,77,70,1.29,IN,1697320558
277,lupane,-18.9315,27.807,25.84,43,77,3.52,ZW,1697320558
278,toliara,-23.35,43.6667,23.94,88,32,0.53,MG,1697320558
279,castillos,-34.1667,-53.8333,11.49,72,0,3.55,UY,1697320559
280,vanimo,-2.6741,141.3028,26.17,89,100,1.78,PG,1697320559
281,sant lluis,39.8526,4.2594,21.22,100,20,3.09,ES,1697320559
282,arrecife,28.963,-13.5477,24.99,69,0,0.0,ES,1697320559
283,campos sales,-7.0744,-40.3761,29.52,31,87,1.95,BR,1697320560
284,khandyga,62.6667,135.6,-14.17,99,99,1.31,RU,1697320560
285,bodaybo,57.8506,114.1933,-0.37,93,99,1.31,RU,1697320560
286,kapuskasing,49.4169,-82.4331,8.05,81,100,4.12,CA,1697320442
287,constantia,44.1833,28.65,13.38,83,0,4.97,RO,1697320560
288,vieste,41.8825,16.175,22.48,65,5,3.42,IT,1697320560
289,tocopilla,-22.092,-70.1979,19.22,69,70,3.22,CL,1697320561
290,hammerfest,70.6634,23.6821,-0.75,86,75,3.09,NO,1697320561
291,cabedelo,-6.9811,-34.8339,26.37,68,96,6.09,BR,1697320561
292,mangai,-4.05,19.5333,21.44,99,100,1.48,CD,1697320561
293,veraval,20.9,70.3667,26.43,68,28,4.47,IN,1697320561
294,thompson,55.7435,-97.8558,15.09,58,20,1.54,CA,1697320562
295,lethem,3.3803,-59.7968,28.79,57,92,0.92,GY,1697320562
296,san patricio,28.017,-97.5169,27.15,24,4,5.14,US,1697320562
297,brookings,44.3114,-96.7984,9.47,79,100,4.12,US,1697320562
298,medicine hat,50.0501,-110.6683,16.24,43,75,4.12,CA,1697320562
299,embi,48.8264,58.1442,9.86,61,81,3.25,KZ,1697320563
300,shendi,16.6915,33.4341,32.62,24,0,5.91,SD,1697320563
301,egilsstadir,65.2653,-14.3948,-4.05,74,40,1.54,IS,1697320563
302,micheweni,-4.9667,39.8333,25.76,85,4,2.68,TZ,1697320563
303,amga,60.8953,131.9608,-7.23,78,99,2.68,RU,1697320563
304,chiredzi,-21.05,31.6667,22.13,63,33,3.91,ZW,1697320563
305,viljandi,58.3639,25.59,8.89,78,71,7.91,EE,1697320564
306,west point,33.6076,-88.6503,22.92,42,0,5.66,US,1697320564
307,gisborne,-38.6533,178.0042,18.92,54,29,5.22,NZ,1697320564
308,colares,38.7992,-9.4469,20.42,85,100,5.36,PT,1697320564
309,hilo,19.7297,-155.09,28.85,73,0,4.63,US,1697320288
310,el nido,11.1858,119.3956,27.01,81,84,1.01,PH,1697320565
311,laguna,38.421,-121.4238,28.51,40,0,2.57,US,1697320565
312,pangai,-19.8,-174.35,26.06,73,40,5.66,TO,1697320565
313,yeppoon,-23.1333,150.7333,21.88,68,19,1.51,AU,1697320565
314,laoang,12.5,125.0167,24.27,95,44,0.8,PH,1697320565
315,quellon,-43.1167,-73.6167,9.04,66,95,4.44,CL,1697320566
316,tulnici,45.9167,26.6667,13.83,61,11,2.2,RO,1697320566
317,tevriz,57.509,72.4042,3.02,96,33,2.41,RU,1697320566
318,wailua homesteads,22.0669,-159.378,28.75,64,20,3.6,US,1697320566
319,ain leuh,33.2921,-5.3384,12.69,64,50,0.23,MA,1697320566
320,realico,-35.0366,-64.2447,24.42,21,0,5.93,AR,1697320567
321,velez,6.0134,-73.6735,16.33,95,100,0.61,CO,1697320567
322,santa terezinha,-29.9002,-50.0904,17.08,83,84,7.72,BR,1697320567
323,jesenik,50.2294,17.2046,10.02,82,100,1.75,CZ,1697320567
324,caussade,44.1608,1.5391,12.47,81,10,2.68,FR,1697320567
325,zaozersk,69.4005,32.4476,1.65,87,100,10.82,RU,1697320568
326,yuzhno-kurilsk,44.0306,145.8556,14.1,69,99,1.17,RU,1697320568
327,eyl,7.9803,49.8164,26.99,84,11,2.88,SO,1697320568
328,arraial do cabo,-22.9661,-42.0278,21.98,78,100,4.12,BR,1697320568
329,retreat,38.8245,-85.8533,15.46,89,98,1.34,US,1697320568
330,oasis,33.4659,-116.0989,34.36,12,0,0.89,US,1697320568
331,turpan,42.9333,89.1667,19.05,34,93,1.07,CN,1697320569
332,mumford,5.2618,-0.759,25.87,91,100,4.19,GH,1697320569
333,kantilo,20.35,85.1833,23.12,80,0,1.36,IN,1697320569
334,russas,-4.9403,-37.9758,26.11,74,92,4.84,BR,1697320569
335,kangding,30.0513,101.9603,7.83,87,87,0.85,CN,1697320569
336,mar del plata,-38.0023,-57.5575,15.01,77,0,6.69,AR,1697320370
337,chitungwiza,-18.0127,31.0756,21.36,74,88,4.04,ZW,1697320570
338,ivanovo,56.9942,40.9858,9.45,91,100,7.15,RU,1697320570
339,palmer,42.1584,-72.3287,13.34,71,100,2.57,US,1697320570
340,maceio,-9.6658,-35.7353,24.69,88,0,3.6,BR,1697320570
341,michigan city,41.7075,-86.895,12.29,85,100,3.09,US,1697320570
342,malvan,16.0667,73.4667,25.98,84,34,1.85,IN,1697320571
343,rio grande,-32.035,-52.0986,17.19,67,98,7.66,BR,1697320571
344,smithers,54.7804,-127.1743,14.18,54,75,3.09,CA,1697320571
345,laojunmiao,39.8333,97.7333,7.31,21,1,2.84,CN,1697320571
346,morbi,22.8167,70.8333,26.65,62,32,3.47,IN,1697320571
347,corte,42.25,9.25,21.22,73,76,3.7,FR,1697320571
348,maria la baja,9.9832,-75.3016,27.42,90,100,1.63,CO,1697320572
349,brandon,27.9378,-82.2859,28.36,71,0,4.12,US,1697320572
350,parras de la fuente,25.4167,-102.1833,21.92,64,48,5.52,MX,1697320572
351,shangqiu,34.45,115.65,14.91,51,0,2.25,CN,1697320572
352,rongelap,11.1635,166.8941,28.33,74,76,3.06,MH,1697320572
353,krasnokamensk,50.0979,118.0369,-0.17,41,0,4.12,RU,1697320572
354,kristiansund,63.1115,7.732,8.36,66,100,6.17,NO,1697320573
355,bulgan,48.8125,103.5347,1.34,78,3,0.75,MN,1697320573
356,la'ie,21.6477,-157.9253,28.98,71,65,2.68,US,1697320573
357,erdenet,49.0333,104.0833,0.44,76,1,1.56,MN,1697320573
358,nerva,37.6963,-6.5497,20.17,88,73,1.08,ES,1697320573
359,vila franca do campo,37.7167,-25.4333,21.6,99,74,2.88,PT,1697320574
360,minas de marcona,-15.2119,-75.1103,16.61,69,73,5.96,PE,1697320574
361,nushki,29.5542,66.0215,19.64,26,2,1.33,PK,1697320574
362,yugawara,35.15,139.0667,14.84,97,100,5.19,JP,1697320574
363,mossel bay,-34.1831,22.146,15.66,81,82,9.58,ZA,1697320574
364,la almunia de dona godina,41.4767,-1.3745,19.23,70,64,4.13,ES,1697320575
365,tabou,4.423,-7.3528,25.26,91,100,3.18,CI,1697320575
366,merizo village,13.2658,144.6691,26.66,93,100,4.4,GU,1697320575
367,tofol,5.3248,163.0078,28.37,74,100,3.86,FM,1697320575
368,darab,28.7519,54.5444,23.0,37,0,1.97,IR,1697320575
369,tsiombe,-25.3,45.4833,22.76,83,76,1.23,MG,1697320576
370,tres palos,18.1833,-101.6167,29.23,79,84,1.35,MX,1697320576
371,fort-shevchenko,44.5086,50.263,13.98,47,0,3.68,KZ,1697320576
372,fagaras,45.85,24.9667,13.47,56,9,1.48,RO,1697320576
373,kapa'a,22.0752,-159.319,29.5,64,20,3.6,US,1697320576
374,krapivinskiy,54.9992,86.8133,5.27,78,100,4.31,RU,1697320577
375,sikonge,-5.6333,32.7667,25.69,33,100,1.35,TZ,1697320577
376,zeliezovce,48.0508,18.6542,18.21,80,100,5.33,SK,1697320577
377,la gi,10.6667,107.7833,25.36,89,98,2.14,VN,1697320577
378,barrouallie,13.2333,-61.2667,28.79,79,75,2.57,VC,1697320577
379,la tuque,47.4334,-72.7824,13.14,58,77,5.14,CA,1697320577
380,paka,4.6374,103.4368,24.99,94,93,0.0,MY,1697320578
381,pangkalpinang,-2.1333,106.1333,24.69,91,82,2.82,ID,1697320578
382,dunedin,-45.8742,170.5036,15.6,63,97,2.68,NZ,1697320491
383,mato verde,-15.3972,-42.8664,30.39,36,100,5.66,BR,1697320578
384,khovd,48.0056,91.6419,7.68,53,91,1.07,MN,1697320578
385,port augusta,-32.5,137.7667,14.6,70,17,3.63,AU,1697320578
386,alexandria,31.2156,29.9553,20.3,59,2,4.33,EG,1697320579
387,anse a galets,18.8317,-72.8642,30.29,69,78,2.52,HT,1697320579
388,igarka,67.4667,86.5833,1.21,98,100,6.18,RU,1697320579
389,saint-pierre,-21.3393,55.4781,23.09,78,0,2.57,RE,1697320496
390,kone,-21.0595,164.8658,26.76,67,43,1.65,NC,1697320579
391,wynyard,-41.0,145.7167,9.62,67,100,4.08,AU,1697320579
392,muisne,0.6,-80.0333,25.32,85,100,2.72,EC,1697320580
393,sur,22.5667,59.5289,27.0,75,0,5.43,OM,1697320580
394,camalu,30.85,-116.0667,23.49,58,2,5.15,MX,1697320580
395,ngaoundere,7.3167,13.5833,19.09,92,100,1.02,CM,1697320580
396,sao gabriel da cachoeira,-0.1303,-67.0892,28.84,64,78,0.19,BR,1697320580
397,callao,-12.0667,-77.15,22.62,73,75,4.63,PE,1697320581
398,khopoli,18.7833,73.3333,23.78,74,29,0.92,IN,1697320581
399,yuanlin,30.4151,112.8859,16.95,66,0,1.78,CN,1697320581
400,ketchikan,55.3422,-131.6461,13.26,94,100,5.14,US,1697320581
401,swakopmund,-22.6833,14.5333,14.43,85,0,1.34,NA,1697320581
402,siquirres,10.0975,-83.5066,27.97,89,93,0.49,CR,1697320582
403,ghat,24.9647,10.1728,25.09,24,3,0.9,LY,1697320582
404,bataipora,-22.2953,-53.2711,29.63,49,70,2.72,BR,1697320582
405,omutinskiy,56.4745,67.6709,2.78,92,27,3.99,RU,1697320582
406,horta,38.5333,-28.6333,21.12,88,98,4.92,PT,1697320582
407,la grande,45.3246,-118.0877,19.99,40,100,5.23,US,1697320488
408,wardha,20.75,78.6167,26.02,56,96,0.88,IN,1697320583
409,hami,42.8,93.45,15.62,22,8,1.96,CN,1697320583
410,sisimiut,66.9395,-53.6735,-3.21,78,18,5.2,GL,1697320583
411,carthage,36.8611,10.3316,22.74,40,20,3.09,TN,1697320583
412,puerto baquerizo moreno,-0.9,-89.6,27.55,69,40,5.66,EC,1697320583
413,christchurch,-43.5333,172.6333,18.11,48,20,5.14,NZ,1697320424
414,guiuan,11.0333,125.7247,27.91,77,100,2.78,PH,1697320584
415,yanam,16.7333,82.2167,23.91,88,20,1.07,IN,1697320584
416,winnemucca,40.973,-117.7357,22.03,18,0,3.09,US,1697320584
417,nieuw amsterdam,5.8833,-55.0833,33.09,72,0,2.57,SR,1697320493
418,hadibu,12.65,54.0333,27.05,78,46,2.43,YE,1697320584
419,okhotsk,59.3833,143.3,2.29,76,100,4.05,RU,1697320584
420,sidi ifni,29.3797,-10.173,25.09,46,70,1.18,MA,1697320585
421,madalena,41.2162,-8.3345,19.7,88,91,0.91,PT,1697320585
422,kargil,34.5667,76.1,1.96,67,92,1.76,IN,1697320585
423,antalaha,-14.9003,50.2788,24.06,93,97,2.4,MG,1697320585
424,howrah,22.5892,88.3103,27.0,89,20,2.06,IN,1697320585
425,gangtok,27.3333,88.6167,13.46,90,87,0.59,IN,1697320586
426,tanjung pandan,-2.75,107.65,24.68,90,100,2.84,ID,1697320586
427,cabo san lucas,22.8909,-109.9124,33.12,71,44,4.63,MX,1697320544
428,akureyri,65.6835,-18.0878,-3.04,80,75,1.03,IS,1697320586
429,nur-sultan,51.1801,71.446,4.97,100,100,8.0,KZ,1697320586
430,nouadhibou,20.931,-17.0347,27.99,74,3,5.66,MR,1697320586
431,revda,56.801,59.9303,0.99,92,49,2.57,RU,1697320587
432,hithadhoo,-0.6,73.0833,27.2,74,62,3.43,MV,1697320587
433,khanty-mansiysk,61.0042,69.0019,3.06,93,75,3.13,RU,1697320587
434,paidha,2.4167,30.9855,17.57,92,100,2.43,UG,1697320587
435,ukiah,39.1502,-123.2078,23.42,62,75,2.57,US,1697320587
436,adre,13.4667,22.2,28.07,24,24,5.57,TD,1697320588
437,narrabri,-30.3167,149.7833,21.65,33,0,2.78,AU,1697320588
438,xucheng,20.35,110.1288,23.04,86,78,3.59,CN,1697320588
439,sanandaj,35.3144,46.9923,8.01,53,0,0.0,IR,1697320588
440,thunder bay,48.4001,-89.3168,8.99,71,100,4.12,CA,1697320588
441,tanabe,33.7333,135.3667,17.54,91,79,4.4,JP,1697320589
442,ascona,46.1545,8.7733,18.48,93,20,1.03,CH,1697320589
443,maquoketa,42.0689,-90.6657,13.71,74,100,6.18,US,1697320567
444,copala,16.65,-98.9833,29.01,77,100,2.07,MX,1697320589
445,sinabang,2.4803,96.3801,25.39,84,100,1.3,ID,1697320589
446,nakhon thai,17.1006,100.8374,22.93,95,100,1.01,TH,1697320590
447,el fasher,13.6279,25.3494,31.18,21,44,7.39,SD,1697320590
448,flying fish cove,-10.4217,105.6791,24.82,94,100,4.12,CX,1697320590
449,baie-comeau,49.2168,-68.1489,8.82,87,100,4.63,CA,1697320590
450,prado,-17.3411,-39.2208,23.94,90,85,2.76,BR,1697320590
451,saudarkrokur,65.7461,-19.6394,0.54,93,100,4.17,IS,1697320591
452,coyhaique,-45.5752,-72.0662,14.34,41,20,4.12,CL,1697320591
453,kalmunai,7.4167,81.8167,24.3,88,100,2.17,LK,1697320591
454,poso,-1.3959,120.7524,25.42,72,59,1.9,ID,1697320591
455,recife,-8.0539,-34.8811,27.02,74,75,4.63,BR,1697320295
456,polyarnyy,69.1989,33.4478,2.58,82,100,12.22,RU,1697320344
457,mitu,1.1983,-70.1733,26.87,76,81,1.4,CO,1697320592
458,reggane,26.7158,0.1714,27.63,18,49,1.97,DZ,1697320592
459,coahuayana de hidalgo,18.7,-103.6583,30.23,72,73,2.52,MX,1697320592
460,alaghsas,17.0187,8.0168,30.64,16,52,6.39,NE,1697320592
461,cockburn town,21.4612,-71.1419,29.98,70,40,1.54,TC,1697320592
462,koryazhma,61.3143,47.1691,5.51,93,100,5.33,RU,1697320593
463,mary,37.0,62.5,12.93,39,23,2.59,TM,1697320593
464,le port,-20.9373,55.2919,22.72,87,41,4.02,RE,1697320593
465,adrar,20.5022,-10.0711,29.22,15,0,4.82,MR,1697320593
466,luderitz,-26.6481,15.1594,13.93,91,49,3.03,NA,1697320593
467,la palma,33.8464,-118.0467,32.7,52,0,3.6,US,1697320593
468,port saint john's,-31.6229,29.5448,17.16,71,97,5.31,ZA,1697320594
469,aioun,16.6614,-9.6149,33.72,12,55,4.02,MR,1697320594
470,aykhal,66.0,111.5,-11.07,92,76,0.89,RU,1697320594
471,obigarm,38.7173,69.7088,8.9,43,4,1.93,TJ,1697320594
472,lewiston orchards,46.3804,-116.9754,21.81,55,40,1.54,US,1697320594
473,ad dabbah,18.05,30.95,30.72,19,1,8.27,SD,1697320595
474,turar ryskulov,42.5333,70.3333,6.6,49,62,2.1,KZ,1697320595
475,sao martinho,39.5144,-9.1311,18.49,89,100,1.46,PT,1697320595
476,fisterra,42.9049,-9.2629,17.23,81,100,3.44,ES,1697320595
477,bandar lampung,-5.4254,105.258,23.18,92,98,1.74,ID,1697320595
478,bayanaul,50.7889,75.6956,6.13,61,99,7.51,KZ,1697320596
479,coro,11.4045,-69.6734,29.33,79,10,7.5,VE,1697320596
480,ahtari,62.554,24.0619,5.89,86,95,5.78,FI,1697320596
481,nar'yan-mar,67.6713,53.087,-2.16,93,64,1.79,RU,1697320596
482,alofi,-19.0595,-169.9187,25.94,73,51,5.14,NU,1697320596
483,shingu,33.7333,135.9833,17.61,91,98,1.71,JP,1697320597
484,yanykurgan,43.915,67.2481,7.89,39,25,3.5,KZ,1697320597
485,cuamba,-14.8031,36.5372,27.21,33,6,1.66,MZ,1697320597
486,zhezqazghan,47.7833,67.7667,6.87,66,50,4.73,KZ,1697320597
487,neya,58.2972,43.8681,10.44,92,100,5.96,RU,1697320598
488,telerghma,36.1165,6.3543,18.67,31,8,1.19,DZ,1697320598
489,megarine,33.192,6.087,21.08,37,0,1.54,DZ,1697320598
490,ebolowa,2.9,11.15,20.54,100,48,0.9,CM,1697320598
491,champerico,14.3,-91.9167,32.3,76,26,2.16,GT,1697320598
492,totness,5.8833,-56.3167,27.93,82,74,6.27,SR,1697320598
493,ngereklmadel,7.4883,134.4856,26.05,94,75,2.57,PW,1697320599
494,cervantes,-39.05,-67.3833,23.77,14,100,7.85,AR,1697320599
495,solikamsk,59.6196,56.7729,0.54,94,80,2.22,RU,1697320599
496,saint-francois,46.4154,3.9054,7.6,93,58,0.0,FR,1697320599
497,bougouni,11.417,-7.479,27.42,48,12,2.02,ML,1697320599
498,vorkuta,67.5,64.0,-1.11,84,100,3.89,RU,1697320600
499,saldanha,-33.0117,17.9442,20.03,68,58,6.59,ZA,1697320600
500,kavieng,-2.5744,150.7967,28.09,75,88,1.96,PG,1697320600
501,cooper's town,26.8667,-77.5167,27.59,85,38,6.95,BS,1697320601
502,torrington,41.8007,-73.1212,11.49,90,100,0.45,US,1697320601
503,chilca,-12.5211,-76.7372,18.39,86,99,3.49,PE,1697320601
504,vila velha,-20.3297,-40.2925,22.97,97,75,5.14,BR,1697320601
505,edeia,-17.3383,-49.9314,30.94,40,66,2.6,BR,1697320602
506,gurgaon,28.4667,77.0333,24.02,73,6,0.0,IN,1697320602
507,san miguel zapotitlan,25.9333,-109.05,33.42,47,4,6.39,MX,1697320602
508,dauphin,51.1494,-100.0502,13.08,58,100,4.63,CA,1697320602
509,rossleben,51.3,11.4333,9.8,81,95,6.22,DE,1697320602
510,marsh harbour,26.5412,-77.0636,28.34,82,28,6.51,BS,1697320603
511,peace river,56.2501,-117.286,14.17,62,75,2.57,CA,1697320603
512,lamu,-2.2717,40.902,26.12,89,5,4.81,KE,1697320603
513,fort mcmurray,56.7268,-111.381,14.77,44,0,7.2,CA,1697320603
514,santa cruz,-17.8,-63.1667,31.03,40,5,6.17,BO,1697320473
515,mangrol,21.1167,70.1167,26.36,68,5,4.07,IN,1697320604
516,peniche,39.3558,-9.3811,18.49,93,100,1.78,PT,1697320604
517,tarariras,-34.2833,-57.6167,16.51,46,0,5.09,UY,1697320604
518,walvis bay,-22.9575,14.5053,14.49,88,0,1.03,NA,1697320604
519,lorengau,-2.0226,147.2712,28.43,73,99,0.32,PG,1697320605
520,sosnovo-ozerskoye,52.5249,111.5418,-3.86,88,34,2.44,RU,1697320605
521,amta,22.58,88.0083,26.96,74,0,1.3,IN,1697320605
522,bapatla,15.9,80.4667,26.1,80,54,1.99,IN,1697320605
523,rosarito,32.3333,-117.0333,30.91,62,0,5.1,MX,1697320606
524,fortuna,40.5982,-124.1573,23.29,66,0,3.6,US,1697320606
525,kingisepp,59.3733,28.6134,10.21,80,77,6.26,RU,1697320606
526,acarau,-2.8856,-40.12,26.48,75,47,8.51,BR,1697320606
527,konarka,19.9,86.1167,25.22,78,3,2.89,IN,1697320606
528,manta,-0.95,-80.7333,25.88,83,100,4.12,EC,1697320607
529,itaituba,-4.2761,-55.9836,35.09,49,20,1.1,BR,1697320607
530,shijiang,27.0819,110.7933,15.04,76,0,0.78,CN,1697320607
531,scottburgh,-30.2867,30.7532,17.1,62,29,7.59,ZA,1697320608
532,alo,7.4178,6.7371,25.47,92,59,1.68,NG,1697320608
533,taoudenni,22.6783,-3.9836,29.56,15,0,2.85,ML,1697320608
534,gaiman,-43.2897,-65.4929,22.11,27,49,0.77,AR,1697320608
535,kresek,-6.1314,106.3797,29.07,78,94,0.47,ID,1697320608
536,san fernando de apure,7.8878,-67.4724,26.67,80,89,4.39,VE,1697320609
537,puerto aysen,-45.4,-72.7,9.16,95,90,1.92,CL,1697320609
538,ardesen,41.1911,40.9875,18.39,57,0,1.75,TR,1697320609
539,heihe,50.2441,127.4902,5.81,52,23,8.08,CN,1697320609
540,tamanrasset,22.785,5.5228,21.95,30,40,3.6,DZ,1697320609
541,sao felix do xingu,-6.6447,-51.995,30.35,37,52,0.12,BR,1697320610
542,ghardaia,32.4909,3.6735,23.64,23,0,2.57,DZ,1697320610
543,puerto deseado,-47.7503,-65.8938,9.17,63,0,5.67,AR,1697320610
544,tuensang,26.2833,94.8333,16.16,97,13,1.09,IN,1697320610
545,ipora,-16.4419,-51.1178,31.11,36,82,0.72,BR,1697320610
546,sihanoukville,10.6093,103.5296,24.97,94,40,1.54,KH,1697320610
547,menominee,45.1078,-87.6143,13.04,58,40,5.14,US,1697320611
548,pico truncado,-46.7949,-67.9573,17.42,27,4,6.48,AR,1697320611
549,buckeye,33.3703,-112.5838,34.9,16,0,0.0,US,1697320611
550,suva,-18.1416,178.4415,25.71,78,75,4.12,FJ,1697320611
551,xilin hot,43.9667,116.0333,1.96,49,4,2.14,CN,1697320611
552,turochak,52.2576,87.1224,5.84,94,100,1.48,RU,1697320611
553,morondava,-20.2833,44.2833,24.86,88,17,0.45,MG,1697320612
554,decatur,39.8403,-88.9548,14.03,82,100,6.17,US,1697320465
555,cinarli,41.4723,46.9156,9.09,53,0,1.98,AZ,1697320612
556,tafresh,34.692,50.013,11.32,44,0,0.72,IR,1697320612
557,codrington,-38.2667,141.9667,10.95,86,100,3.77,AU,1697320612
558,berezovyy,51.6667,135.7,6.48,83,0,1.71,RU,1697320613
559,gamay,12.3854,125.2979,25.41,90,47,0.75,PH,1697320613
560,ecija,37.5422,-5.0826,17.88,65,86,3.44,ES,1697320613
561,leh,34.1667,77.5833,3.64,62,100,1.92,IN,1697320613
562,pyapon,16.2833,95.6833,23.63,95,41,2.38,MM,1697320613
563,siwa oasis,29.2041,25.5195,23.08,39,0,3.21,EG,1697320613
564,ciudad mante,22.7333,-98.9667,31.78,46,54,3.33,MX,1697320614
565,babanki,6.1167,10.25,18.25,93,56,0.43,CM,1697320614
566,nizhnyaya tavda,57.6731,66.1725,2.79,89,20,3.9,RU,1697320614
567,cortez,37.3489,-108.5859,19.46,21,0,5.14,US,1697320614
568,los chavez,34.727,-106.7384,24.58,24,4,0.89,US,1697320614
569,undurkhaan,47.3194,110.6556,-0.18,57,0,0.68,MN,1697320615
570,malanje,-9.5402,16.341,18.84,96,100,0.92,AO,1697320615
571,yanchep,-31.55,115.6833,17.19,64,1,6.45,AU,1697320615
572,moapa valley,36.5805,-114.4703,29.26,12,14,0.94,US,1697320615
573,tvoroyri,61.5556,-6.8111,4.58,60,95,11.08,FO,1697320615
574,st. john's,47.5649,-52.7093,12.04,99,100,7.2,CA,1697320576
575,medea,36.2642,2.7539,17.75,60,100,1.63,DZ,1697320616
576,talara,-4.5772,-81.2719,23.42,68,0,8.75,PE,1697320616
